Customer ID,x,y
16393,-18.429573,-4.127236
16395,-15.264589,6.126476
16400,-1.3685656,8.926498
16401,-22.801886,-12.119477
16407,31.238232,12.817018
16409,3.776194,7.968514
16416,28.473564,1.108799
16422,-24.34166,9.992966
16434,25.298948,9.175701
16440,11.168632,-11.788699
16444,-4.0267,8.347025
16455,6.007712,-11.76688
16456,7.425294,10.951148
16458,-6.6441298,0.050451014
16466,20.655556,10.006249
16467,-23.708797,5.057835
16470,-16.839785,6.7060513
16477,-4.6611323,3.151515
16497,22.719793,2.771767
16499,-17.790089,1.6521822
16503,-16.333284,9.220307
16515,3.8829868,-16.540792
16520,0.3742501,3.280402
16523,-5.5934553,-3.208483
16525,26.276001,12.52312
16532,-14.483175,19.553528
16539,29.643261,9.608819
16546,11.855563,-10.483017
16549,0.21934219,7.112807
16550,-13.485508,6.1343555
16553,-0.5595016,-15.310911
16554,30.524109,9.234546
16556,16.759901,-10.753605
16558,7.681182,-1.2432405
16560,20.931904,-11.639679
16563,-4.138619,-17.699308
16570,-6.857677,-11.2923
16571,3.7317245,-11.347621
16584,21.46503,18.86284
16592,5.4644356,-3.8972876
16607,-30.62919,1.4626452
16609,-3.8685658,-0.22579911
16612,-2.2965386,-0.20198928
16618,7.8365684,-13.581542
16626,5.479475,5.780105
16633,25.597485,2.8746476
16636,-9.793017,-3.393283
16638,-0.91229653,14.190385
16652,21.158407,-0.19826005
16655,16.514421,-13.117701
16656,16.28734,-15.089576
16670,9.515518,12.5542755
16672,-11.8105345,-20.447887
16678,4.4814296,-18.722574
16684,11.233281,-5.8834314
16686,-22.74107,3.679958
16700,-11.262645,-10.499994
16701,-6.796542,-13.477484
16705,-3.2670588,-12.416114
16709,13.931274,-5.66314
16710,-2.5601737,13.303638
16711,23.686794,3.2487652
16712,-11.256989,-13.4381075
16713,7.7151713,0.17758413
16717,8.240236,-0.8800343
16718,-21.95449,7.55054
16719,-0.5314275,15.417741
16722,-27.47884,1.4159241
16729,-2.6940887,7.4345946
16732,-23.596786,-1.8771315
16735,11.519156,4.512676
16736,9.670605,13.195694
16743,9.016345,23.325312
16745,-17.24247,-9.512697
16746,-15.349503,-6.120289
16748,-19.329706,-16.760063
16749,24.247925,18.4075
16754,-24.221733,9.836412
16755,-8.599462,-6.6298947
16764,-4.357723,1.278198
16767,-21.877869,-4.797039
16771,16.758339,17.242014
16772,22.61509,12.681748
16775,29.19298,8.86653
16779,7.120157,18.629114
16782,3.1307588,9.278545
16791,7.1981616,5.8705063
16795,10.046673,4.6588345
16814,25.707508,9.103754
16817,14.419467,-7.3285875
16818,30.13266,14.627164
16837,28.093437,6.7451673
16839,1.7781737,-4.2778516
16841,-6.622272,8.374414
16843,-13.678074,-5.445581
16858,10.296797,16.878656
16871,19.965782,1.8337988
16873,-0.3782973,-12.350595
16875,-0.8014975,-1.6144707
16889,-6.640833,-9.97745
16904,1.1005177,7.1101127
16905,15.008686,3.9150894
16912,16.171741,-5.487463
16918,-12.814429,-3.5659199
16919,7.2966604,19.141657
16923,15.677242,10.461552
16928,26.21974,-1.6474196
16931,-2.1129642,7.0765033
16933,11.038343,6.5877695
16938,4.7315445,-8.504354
16940,-5.6947737,5.9769926
16945,-17.684664,-12.660608
16950,32.932926,9.854178
16954,-21.518572,13.4434
16979,3.701896,5.524796
16983,-15.480026,12.862646
16984,19.002855,9.79084
16985,18.874203,-5.889491
16986,6.1870403,10.255526
16987,19.614935,14.620433
16992,20.110151,0.6193608
17001,-3.2538595,-9.382844
17002,1.731712,-15.029755
17004,-13.670852,-11.268224
17017,-22.761086,-2.2424722
17019,-22.715014,4.0102296
17031,-19.294653,-16.859932
17032,4.534017,10.250457
17043,-2.451114,-11.025583
17044,24.866095,15.857442
17049,9.734636,9.2712755
17050,3.5341296,-6.104246
17059,-2.5649748,3.7228034
17061,22.177925,-6.1441045
17063,-18.433865,-11.705193
17068,-16.583906,-11.042929
17069,-16.335163,-9.747728
17071,15.582759,1.0354356
17082,-0.6967561,-2.889846
17083,-25.71099,-15.883197
17084,-4.692676,-13.137011
17085,11.525143,19.532284
17090,1.3277994,-7.358636
17091,-9.394026,0.34348306
17092,-18.749922,2.301127
17095,9.46633,12.006809
17096,25.20983,5.906592
17101,0.46333078,-18.013475
17107,3.1960387,0.37440783
17115,-2.4386358,-2.7899756
17131,12.686247,14.9489975
17133,31.051851,17.384699
17138,30.875664,0.41140437
17139,-1.6881404,-5.030713
17145,9.946476,1.3648883
17146,25.812214,12.865103
17147,20.954557,-11.753799
17157,-10.370249,-18.220795
17160,-14.876916,-8.775407
17164,7.695969,-10.873131
17173,-19.434734,6.615965
17183,28.683468,-3.787747
17188,8.69585,-0.27620003
17191,18.28097,9.195622
17203,-12.822514,7.462328
17204,-8.84948,-5.0325413
17211,5.391655,3.943614
17213,18.25106,6.1874895
17218,-18.530005,0.12933674
17220,-16.156904,5.56351
17228,-17.664398,-3.6864715
17230,22.00414,13.592185
17231,16.289942,5.6103477
17238,-14.892478,3.7213938
17241,-4.5994883,-4.506434
17242,-23.890285,-14.468395
17243,15.317865,2.5798662
17262,33.336864,3.9022782
17284,-8.327381,9.498537
17287,16.512774,5.668785
17288,-14.307249,-0.31096536
17293,9.02603,6.515674
17306,-20.441587,-2.981933
17307,-10.189598,-3.156938
17308,-27.558838,-3.0288377
17311,-23.786488,-1.086067
17314,10.259193,-7.154716
17315,13.420167,6.6054277
17317,11.111735,-12.172004
17320,20.92329,12.68313
17338,2.1736841,12.555094
17340,12.57785,17.783264
17346,-11.37308,2.525978
17348,-21.95041,4.247709
17353,-20.997105,-16.207945
17354,-13.948739,1.7923629
17364,-21.163239,3.905051
17365,-22.215412,3.1398113
17372,1.3401756,-12.04552
17377,-2.3929803,10.546746
17381,-22.879055,-0.9713473
17386,12.5538225,-10.802048
17388,12.455161,7.396006
17389,18.464891,1.0815946
17396,24.684792,-8.468996
17400,2.0934649,15.045277
17402,-0.8960213,-19.840345
17404,-11.661506,-15.123032
17406,21.394308,16.117464
17409,19.76887,7.357576
17412,-16.509357,-8.1773
17416,-11.509447,-0.3909683
17419,24.135504,5.931632
17422,22.512901,10.534009
17426,-1.5138447,-13.373359
17428,-1.9265198,-6.1066346
17442,-7.7761035,-18.558638
17444,-23.37211,-6.1067915
17448,2.6205041,15.166553
17449,28.601883,13.249731
17450,24.27373,13.417653
17457,21.361696,-16.297735
17463,6.070166,6.6081595
17465,28.382626,16.585821
17469,-5.464089,-3.1610806
17470,6.3444195,21.298786
17490,-0.587073,-7.365274
17491,12.572126,-5.2210464
17504,28.662739,13.415161
17505,19.342043,16.50715
17508,11.008836,11.086281
17509,-20.851973,1.598427
17511,-5.7984896,-11.787807
17512,31.731081,13.997922
17519,-7.231875,-7.629888
17526,28.013378,-0.88382065
17528,0.86098266,-19.60073
17530,-10.311453,6.2477098
17552,-25.05391,1.2173457
17553,-14.555616,19.495228
17567,21.86997,6.93362
17576,24.592043,7.947128
17581,-9.951281,-8.699
17584,33.06497,14.068883
17588,20.33159,12.768819
17589,-14.974011,8.620444
17591,18.311663,7.4317775
17593,1.0965816,14.104522
17594,-18.454674,-15.561837
17596,-10.989976,11.994971
17597,-7.4597263,-18.723698
17602,-3.1674101,12.345291
17611,7.2524066,1.081263
17612,-4.5356216,-3.2928388
17613,-1.6301184,3.5634446
17618,7.8399506,13.81577
17621,17.779419,-2.3182268
17623,24.33826,6.820436
17625,14.101459,12.900931
17629,-15.29875,2.744505
17640,33.74842,14.292954
17644,-4.302685,-3.6814296
17646,21.312654,-1.9276685
17651,-16.354208,-11.276837
17652,0.64291495,-4.510713
17655,24.482994,15.58827
17659,5.1389475,-11.354336
17663,4.731991,25.476507
17667,0.6691781,0.5030763
17669,-19.89094,-13.558524
17672,9.762775,-18.934517
17673,2.6775656,15.655736
17675,-3.701783,-7.820842
17676,-18.959797,-9.723967
17677,-9.515666,-8.408277
17679,8.166516,-17.831158
17682,-1.8261595,1.5707169
17685,-27.392265,-12.359889
17686,-1.1686932,-4.94311
17690,19.07575,-6.277141
17692,14.052636,14.382051
17696,15.402394,17.459476
17700,12.904242,3.5690594
17702,-23.848513,-12.646994
17706,18.942436,7.0694904
17716,5.31016,-5.545396
17719,21.169477,-3.3732412
17720,26.810148,3.2700996
17722,10.938159,-1.0516001
17723,12.549799,-7.895362
17725,31.748144,11.8338175
17728,6.8688517,-13.1006975
17730,14.399265,15.591868
17735,-12.688393,-5.495347
17738,18.921211,-1.164461
17739,15.479103,-0.0061684013
17744,0.37482435,20.580042
17754,0.5990605,12.474395
17757,1.6380873,-16.926424
17758,-12.575833,3.599176
17768,-4.053094,10.62657
17769,-1.3614521,-13.23857
17774,2.275877,12.683166
17787,23.72166,17.920435
17790,30.416805,11.604973
17799,-14.866081,4.487298
17802,-9.203541,4.8713245
17809,1.7377224,-13.7776165
17811,-9.598395,8.604476
17819,3.5470388,-4.2123823
17829,19.20828,15.657102
17838,21.042992,18.556128
17841,0.9387995,13.202212
17848,22.952806,-4.4935055
17850,7.3797827,11.643714
17857,-24.05785,-2.6787062
17858,25.785725,11.294584
17861,-24.885376,0.35248357
17863,-26.210884,-2.377808
17865,12.929323,20.749725
17870,2.173585,-23.3834
17873,22.86862,19.98288
17876,-20.659145,-1.2285488
17884,-22.052958,6.989905
17897,-9.375636,10.915792
17905,2.7855568,17.490278
17913,7.0236754,0.6028555
17920,-13.487256,4.685156
17924,-11.086958,-21.586374
17929,28.878143,3.42967
17930,-7.307578,-15.002308
17931,4.2130084,12.8239975
17937,-22.155968,-1.0628374
17940,-12.394843,13.289585
17949,10.029827,-19.906364
17954,-15.096738,3.9544444
17961,-4.2258506,14.295919
17965,6.8669086,1.8418936
17975,22.917383,17.17299
18008,14.454192,7.6140165
18041,-10.320376,8.625355
18044,26.457884,-5.08886
18052,33.336647,-0.61490893
18055,13.837649,1.2015657
18061,24.799982,-0.70551413
18064,-0.20588544,1.7758746
18065,19.261501,8.427946
18069,-0.0897871,11.375207
18073,23.491577,-6.7025347
18075,30.763763,9.374161
18077,-7.485232,-19.881935
18079,-19.962158,-4.786885
18087,4.824779,3.3134189
18092,25.216013,-7.5849576
18093,-1.030145,-22.70962
18094,19.961315,19.55925
18097,17.962002,3.6265175
18102,6.8690557,8.872727
18109,25.122952,7.9653625
18118,-4.182212,7.825423
18139,7.1222143,-20.017544
18144,32.09217,3.4630742
18145,-14.406844,-7.021579
18168,8.675501,18.692238
18170,28.642027,10.307266
18172,1.8902267,-14.253519
18173,33.474342,6.4281373
18178,-10.327202,-0.14426476
18179,-8.506954,-8.433163
18188,3.493492,-13.336248
18194,15.152433,20.0518
18198,7.0998554,-3.2593818
18210,-2.534215,-12.967671
18219,27.94246,5.7503266
18223,-8.174926,-9.647304
18225,3.4601622,0.48098633
18226,-1.405963,2.4769506
18229,-5.041372,-6.151772
18230,22.791952,20.098866
18231,22.405964,15.530938
18241,-11.112428,-5.3852377
18242,22.439808,-4.340342
18245,17.111311,-11.180445
18251,-20.813732,10.707328
18257,-11.837996,-8.968337
18259,28.466162,-4.2443795
18260,21.563166,2.388142
18272,3.3594325,-6.4477468
18283,-12.48264,-5.2412415
18287,-0.7567227,13.141829
12347,-13.743673,-15.77671
12349,19.57397,-2.3952682
12356,-21.70098,13.23435
12357,13.408741,-0.8456193
12358,13.17034,23.96774
12359,20.730827,-3.4455392
12360,-28.214746,-5.201539
12362,-25.884995,-7.0671134
12370,2.1307602,11.715127
12371,13.652184,-0.8166118
12374,-25.807522,-13.408575
12377,-29.030901,-4.0043592
12378,-29.33735,-7.3054996
12380,-23.979977,-10.717745
12388,10.903863,-17.11291
12391,-11.75195,9.892806
12393,-23.191181,-10.298011
12395,-27.52281,-6.4093227
12406,-30.89383,-5.7065063
12408,-24.703936,-8.11171
12409,-30.078083,-9.444594
12412,-24.890911,-1.240578
12415,-10.772764,-15.36066
12417,-10.104899,16.115427
12422,-17.910252,-13.348382
12424,7.2125225,-9.313998
12428,-1.2642633,-8.584328
12429,-10.215761,-17.305178
12431,-29.453241,-10.154719
12432,-24.666365,-4.8757787
12433,10.828046,-0.5081646
12435,-23.16172,-7.342119
12437,-30.223785,-4.1273246
12438,-26.857645,-5.0201654
12444,22.536512,-2.930097
12449,-23.696463,-7.3299174
12451,-27.751272,-8.097861
12454,30.024368,6.7429333
12455,5.2085013,16.726246
12456,-2.9489744,-19.019266
12468,-28.554705,-6.217258
12469,18.444923,-18.931467
12471,-11.799119,-15.6442795
12472,-28.32988,-6.842742
12473,-32.830208,-6.376188
12474,-27.957064,-5.981753
12476,-3.2831266,-12.430588
12477,5.774064,14.128804
12480,-29.94904,-8.354262
12481,-28.380455,-11.233596
12482,-26.662655,2.8218696
12483,-25.90519,-9.698072
12484,-14.348794,5.4557986
12490,-26.811073,-8.366575
12497,-17.574081,8.074595
12500,5.517356,14.62595
12502,20.31674,-4.745041
12510,-31.372845,-1.1686707
12511,15.580464,16.224617
12523,21.122341,0.9515898
12524,-26.362476,-9.119393
12530,-24.91313,-11.632404
12536,-16.430294,-6.030294
12539,-9.273227,14.406397
12540,-4.925667,-17.402754
12553,-26.85553,-6.193891
12557,-24.40281,-15.121429
12562,-24.41865,-8.66858
12567,-26.94611,-7.2918196
12569,8.506157,20.029755
12578,-25.901976,5.283699
12583,-28.802856,-5.2615767
12589,-31.234694,-12.528208
12590,-29.621881,-11.981451
12594,-26.248022,-10.996664
12597,10.474292,-2.8568442
12598,-27.325338,-5.445332
12600,2.7476807,10.240898
12609,-32.13084,-8.990319
12613,-28.27186,-8.838324
12615,-21.122467,-6.951072
12619,-21.099,15.253133
12621,-24.572104,-6.0796146
12623,-24.400135,-10.57004
12625,-28.74714,-7.203199
12626,-26.393745,-6.287699
12627,-23.664684,-11.108707
12631,-28.689743,-9.746412
12633,-28.359425,-8.744565
12635,-30.527353,-8.265829
12637,-26.712442,-7.802098
12643,-24.804653,10.30779
12645,-25.69677,-8.831707
12647,-29.43448,-16.010775
12653,-29.874002,-10.452633
12656,-26.133568,-7.6812077
12662,-26.441849,-10.552011
12664,4.4962564,17.078207
12668,-32.363125,-13.317161
12670,-27.546238,-4.0772367
12671,20.879515,3.4077265
12678,-29.90063,-5.6314254
12681,-27.455856,-7.264455
12682,-27.550743,-7.4489775
12683,-29.661537,-6.3348126
12685,-25.31137,-6.416358
12688,-31.188837,-10.63432
12700,-25.241272,-7.684168
12705,-29.335638,-9.052419
12708,-31.02845,-9.5229845
12709,-16.002794,-4.8996134
12712,-2.3463545,16.821884
12714,-28.129448,-8.136384
12720,-15.181987,-7.1607637
12721,-26.37837,-4.7608886
12726,-30.635672,-4.0408053
12727,-30.825068,-3.4289858
12731,-12.551035,-17.830513
12739,-11.996429,-16.131916
12744,8.360813,-2.3153954
12747,18.146675,13.406535
12748,0.37407777,12.907189
12749,21.568302,-2.7494693
12752,-29.532923,-5.3355346
12753,-28.730436,-13.856734
12754,-7.7228165,18.309647
12755,-14.848941,6.76558
12757,-15.115389,-9.869643
12758,-18.965591,-10.820989
12759,-30.07606,-6.3934937
12766,-13.673207,-7.4969993
12770,-22.603558,-10.351578
12779,14.724007,10.267319
12782,-8.974717,3.2392046
12798,-25.198538,-1.1431448
12806,-22.811281,-14.132818
12820,-6.346929,-7.9763875
12823,33.53647,3.767175
12826,-22.944347,-13.33365
12830,-21.231577,-1.0431794
12835,6.0976996,19.1015
12836,6.437048,-0.94990164
12838,-15.167939,0.7296169
12839,-18.527245,-6.6675143
12840,-18.620457,-13.766468
12841,11.957857,-8.792201
12843,2.649858,-1.031007
12849,27.499971,16.188278
12853,0.5761095,-3.2628946
12854,27.850132,14.511212
12857,22.172665,6.6904874
12863,9.763358,18.892857
12865,-1.1297338,-9.843222
12867,-18.226906,3.2717097
12872,7.8320727,4.289472
12876,-27.275675,-8.796271
12877,-14.731452,-4.535524
12901,-22.065414,-2.611357
12906,-9.709182,-14.41754
12909,2.1603377,-2.3022115
12910,-24.766806,2.1978734
12913,11.022675,3.911683
12916,27.216564,10.4333105
12917,4.556738,20.02188
12921,-9.881671,-7.529174
12924,23.139217,8.015326
12928,-17.878609,-15.08727
12931,-19.587505,2.1116772
12935,-10.6309,-4.1028066
12937,-3.1201108,3.8859925
12939,-25.530048,-15.591782
12949,19.426226,6.203945
12951,3.6632578,-13.135107
12955,3.4692822,-15.307984
12957,8.731138,1.3562859
12963,-0.21289535,-10.979801
12967,-25.800407,-15.954061
12971,12.232792,-8.183085
12976,-27.921185,0.22484507
12978,1.0357896,10.479407
12980,21.326372,-9.052664
12982,3.1799347,-9.635707
12989,5.368302,-23.378952
13001,2.424322,8.816432
13004,0.5821233,5.3324676
13012,21.061405,17.747757
13013,12.08086,-0.7089821
13014,11.170146,15.923088
13015,7.536762,-16.4935
13018,-0.61241955,-11.981466
13021,4.1105947,1.881729
13027,-20.622849,13.992156
13031,2.1626742,7.085588
13032,8.581922,13.185294
13037,8.068136,10.693704
13044,7.5754557,15.886226
13047,18.299938,-4.139048
13048,-6.918024,2.0530756
13050,12.5198145,4.006772
13052,23.779106,14.208457
13069,-0.39588127,7.0598135
13077,13.796038,16.62409
13078,20.617395,-7.9359465
13081,-14.394582,4.875679
13082,-9.246128,-18.874146
13089,8.367185,-0.5107297
13090,2.372889,-18.844252
13093,-5.4424853,-11.1311245
13097,16.35881,-14.313466
13098,-11.774963,-11.382081
13102,-11.501381,-20.589804
13107,-12.008736,-17.89955
13110,15.0037565,2.1263187
13113,2.2117162,-2.274466
13115,-20.334713,5.322838
13117,13.996859,-13.609489
13124,-6.5121827,15.342095
13126,16.408506,19.589836
13131,-26.27908,-3.598622
13134,1.9304385,-4.7701297
13135,26.259365,7.678221
13136,-19.517326,-10.680084
13137,-1.5759532,4.6330643
13139,-9.381627,-13.242639
13141,-18.3131,2.621851
13148,6.0614166,0.9876134
13151,22.277931,14.078375
13157,-26.05415,1.4504844
13162,-6.1391435,5.6103983
13173,15.18596,5.6563106
13174,15.365748,5.217972
13178,-22.714941,-11.608475
13183,22.559614,19.37977
13192,-3.603096,-24.655605
13196,-21.489805,0.7176762
13198,-16.896412,4.621338
13199,-2.8958855,-21.418787
13203,13.295803,-13.364508
13205,25.130228,-10.325494
13206,-16.543379,-22.44392
13209,-23.15115,-4.647681
13211,-23.57193,10.767061
13213,14.506623,-9.059127
13214,-0.10525472,8.846885
13225,19.436575,20.448977
13230,-0.30889174,8.295736
13246,-0.13514337,6.8601937
13253,-0.23281054,18.793236
13263,16.994553,10.59549
13266,-18.450598,10.146596
13267,21.171186,-5.8358946
13268,10.845782,21.80686
13269,-10.219145,-14.537443
13285,-14.06549,-8.942446
13291,11.788584,15.237713
13297,-5.4309487,-23.653986
13305,13.908048,8.804212
13313,-19.048237,-12.679386
13316,-19.228737,5.538657
13317,2.27844,-3.7519155
13319,-1.2844841,-6.1921797
13324,13.03791,-18.266586
13327,-7.8417406,0.3742331
13329,-23.149738,9.098837
13330,-26.662085,1.6891301
13334,5.9771256,9.0434
13340,-0.5529245,-4.034367
13344,12.541335,-16.486443
13357,15.368944,7.0769067
13362,23.911688,5.110776
13373,5.1026835,-12.799577
13381,8.903635,-15.251727
13384,-9.346478,-11.334916
13394,3.5652182,11.530038
13397,-0.38455135,-5.1596375
13408,9.716183,-4.8068132
13414,-18.084177,0.25570345
13418,-10.244444,-17.300838
13421,-4.062439,5.962015
13422,6.726984,-18.738346
13425,-20.742867,-9.467334
13426,18.564322,-13.049872
13431,0.71717274,-5.4077883
13435,15.810334,4.10165
13437,26.497896,5.707045
13446,5.8635964,11.837931
13448,12.555882,20.695345
13450,-23.274277,0.31337184
13451,7.145736,16.77935
13455,20.351957,5.7354064
13458,7.643995,-3.9153638
13461,-18.556086,-17.450323
13464,-3.1578264,-17.033957
13468,16.790081,19.536709
13471,-10.370297,-5.443517
13477,-6.060749,-16.913671
13481,-13.630843,-8.114208
13485,-3.3425407,-13.582511
13488,6.8002706,-5.952008
13491,10.130003,17.998634
13495,29.06095,19.303135
13501,15.14312,8.353097
13505,-31.0566,-7.6424103
13507,24.956438,2.4077458
13510,-6.6202044,-5.161909
13520,-26.829952,-9.854371
13523,7.0385756,-15.814041
13527,21.40664,10.703561
13534,-7.4284754,-2.20083
13536,4.86421,-21.093714
13538,13.904197,2.8398242
13542,19.276134,20.527512
13552,10.16322,-5.0733957
13555,11.705444,-10.58212
13557,14.092136,18.005915
13562,-6.434433,-2.0072029
13564,5.3005185,11.633603
13571,-0.45122766,5.2195983
13576,19.71849,10.712555
13577,-7.102393,-2.6273358
13588,-21.84053,0.7426177
13590,-0.60267484,3.2218828
13593,26.290031,12.658442
13599,-13.478174,-9.740232
13611,16.609907,3.4538767
13615,1.2011007,-9.8970785
13623,4.0844,8.875442
13629,-3.9467142,-2.396332
13631,25.124289,-10.323501
13632,7.661741,7.78067
13634,7.9941897,9.142273
13635,-19.999483,0.7689514
13644,30.13699,15.3134985
13647,-5.126115,-1.9219505
13650,6.7943907,-5.2228684
13652,4.576861,4.623736
13654,-21.573849,2.9178946
13658,-6.5358043,-3.4950037
13659,19.691885,4.7212663
13668,20.044067,10.299504
13680,7.611351,17.9955
13685,-0.17653687,20.783846
13687,-3.2254992,19.679922
13692,-8.188942,-22.321535
13694,0.45420605,19.172955
13695,31.579445,8.841964
13700,-5.1664085,11.489581
13707,0.9642508,-15.529417
13709,16.04687,-5.438448
13715,7.651861,17.878403
13719,24.281834,8.581761
13722,-4.5873303,-7.652667
13728,3.9397001,0.6100586
13734,-16.573074,-16.352741
13735,-1.0643555,-20.570944
13736,8.60345,18.804586
13742,17.699581,1.6271197
13750,6.045374,13.932236
13756,25.76497,-5.5053244
13758,-1.8611859,-1.5281146
13763,-9.885916,-1.687613
13764,1.383734,-6.635462
13767,25.223934,-5.702215
13769,24.737179,15.716029
13771,4.2340393,-13.86645
13772,-10.504353,-8.217144
13777,4.850842,19.786215
13784,31.394999,6.7830205
13786,12.793853,2.0296319
13798,8.062442,18.72136
13802,8.54691,18.665028
13804,8.494511,-16.435686
13815,-24.937325,-11.517592
13819,-17.919733,-10.155301
13823,24.905151,13.650733
13824,-20.77865,-10.645168
13831,22.528725,3.883493
13842,28.312967,7.3300014
13848,-5.405918,22.802485
13849,11.436696,-4.152548
13851,2.4824588,-11.139832
13854,22.519878,-5.9429502
13862,-9.899134,-5.8857846
13868,-10.603286,-9.055732
13869,12.392691,4.8553667
13870,-6.350401,-18.508287
13871,-0.9052542,-6.18665
13875,-6.5620713,3.4222898
13878,16.742594,7.846688
13880,4.3059697,-14.935203
13881,-2.5732057,-8.079827
13883,8.691445,-7.1278977
13890,19.42737,15.367028
13895,18.870472,2.390309
13901,-4.1831937,16.824806
13902,2.2731907,14.052988
13911,2.9232888,21.981186
13929,30.760952,8.382712
13931,-11.899144,-4.532252
13935,9.770193,16.445295
13941,-0.3093948,16.76861
13949,-6.3867,13.403093
13952,9.681432,16.83997
13953,-24.134144,11.248111
13958,20.029938,5.988657
13963,7.779139,14.241363
13969,-3.7620826,-7.4110813
13971,-0.9617382,-1.3824308
13975,-10.602826,4.245284
13979,-2.71836,8.955958
13982,11.637465,2.7591379
13983,-7.000149,-15.128629
13985,-20.052818,-12.329947
13988,24.766586,4.326537
13993,20.520546,8.181187
13995,-3.5601058,1.6726685
13999,-4.157128,-11.463769
14001,5.3287864,-1.547732
14004,-3.4208474,-9.055735
14005,-20.97245,14.846383
14016,6.1119204,-8.178181
14025,33.294247,6.383519
14028,-21.02493,-16.218596
14030,14.479139,5.1009254
14031,24.71075,-3.2419941
14032,-20.494192,-2.946799
14035,29.34084,11.047406
14038,-19.392153,-11.760852
14040,5.8665223,3.1726463
14044,13.765948,13.769136
14045,-25.928852,-16.171654
14047,-5.773888,-13.847347
14049,-22.1707,3.4886925
14051,25.58953,-6.657312
14056,-11.3647995,-13.224074
14057,-24.443985,-0.25235
14060,0.43297648,-21.729286
14062,12.76509,19.47052
14063,-3.9041944,15.100753
14064,28.858532,14.472803
14081,10.595713,2.4551578
14085,13.796184,5.1969686
14088,19.829998,-4.0316553
14091,17.124062,15.443108
14092,-7.9005556,-12.682406
14096,6.939696,2.137128
14099,11.933018,20.684332
14101,-7.126809,-17.168524
14105,-4.635064,-16.990969
14107,0.91066384,-9.842249
14110,-6.235535,-0.20497493
14112,-20.707264,-11.556731
14113,13.101518,-3.3081186
14121,-21.549625,2.8576982
14125,-4.9533005,-18.602333
14129,-19.979456,4.2870126
14132,-22.59916,2.2323039
14134,21.44009,8.348779
14135,-4.9852676,-16.399958
14145,13.11759,24.414892
14146,-4.640576,-17.322918
14154,-4.7334237,-17.097076
14156,8.330113,1.6034185
14159,-5.242007,7.264224
14160,-14.065183,-2.9324832
14161,10.250791,5.461283
14163,16.491198,14.827393
14175,11.64153,0.91048557
14180,22.173143,-1.5410562
14189,-1.1251559,-20.877028
14191,-14.968977,-12.802708
14194,4.1583376,-1.7057133
14195,-1.7564981,0.73728585
14209,30.044895,9.194564
14210,21.053345,17.319069
14211,-0.22913156,-0.6563777
14215,1.0887511,16.236366
14217,29.772852,8.751945
14221,31.442312,11.616271
14226,9.284222,-18.137033
14227,-3.6824572,-1.6920731
14229,35.4734,11.8158
14233,7.0418234,-6.479718
14235,3.8188357,-0.9055603
14239,0.48492762,-1.4067171
14243,25.373201,6.0393715
14249,21.941847,15.943189
14251,-21.250473,-0.15223986
14256,-32.792328,-13.761123
14257,6.194326,-10.325882
14258,-5.1949415,-0.36033383
14262,-24.452751,-2.0801868
14277,-3.284149,19.627932
14282,-19.125008,-16.506943
14285,16.126947,-10.356673
14286,-21.890781,1.0440323
14290,17.215353,-7.2380257
14291,-24.444458,-1.3930175
14292,-10.077948,-10.090426
14293,-8.135547,-11.206912
14298,0.3369359,19.257553
14299,10.737536,-0.03138266
14306,9.8096075,-21.107147
14307,-3.5187018,-15.939955
14309,-5.8323627,-20.182148
14312,10.787449,9.376917
14315,-3.8272774,-0.16967036
14329,-2.2482846,2.7727277
14334,14.909619,11.649044
14341,-15.318307,-11.040376
14344,28.128399,11.54047
14364,-16.266983,-12.241614
14367,-4.707964,-1.989454
14388,-16.644386,-9.915174
14390,-8.719795,1.5868407
14395,15.130663,12.916178
14397,32.137188,8.784274
14401,1.1104352,19.424501
14404,3.333429,7.1417065
14408,22.981064,17.937283
14409,-8.695521,-0.43477738
14414,-0.21744372,19.647934
14415,5.8959723,6.5601497
14422,31.089323,13.12374
14426,9.092697,2.1708636
14439,23.720028,11.528978
14440,28.627272,10.419306
14441,22.413551,13.253098
14442,29.58298,5.6226377
14449,-0.908639,7.3627205
14451,-13.811715,3.2134
14456,-11.597731,2.5229323
14459,17.256824,12.92679
14461,23.654058,6.8756266
14465,-16.153591,3.5691783
14466,-21.096334,14.037551
14482,-3.4657714,4.8372593
14493,-14.25873,9.911618
14496,24.38076,12.284743
14498,0.71831113,-7.8459897
14503,4.2140756,-21.021088
14505,9.069613,7.151954
14506,15.773467,-3.6790047
14507,22.708582,9.044069
14514,27.403767,16.561901
14515,9.201374,8.655169
14524,6.8530755,4.6269336
14525,12.163416,7.3306937
14527,4.962206,7.5264482
14530,30.449085,11.538793
14532,20.92309,13.982184
14533,-28.932453,-2.338074
14534,-12.876652,-1.6260035
14535,9.779785,1.0597802
14540,16.79789,6.12772
14541,-11.268859,-6.500932
14543,22.0903,-0.9748989
14544,-15.695015,7.8647227
14546,7.212654,6.3598256
14547,17.130102,11.26184
14554,-15.285505,-0.6435607
14560,2.0238738,2.4725394
14562,4.164223,6.388142
14564,-3.6444488,-14.694858
14565,2.0503798,0.4546936
14566,-19.364182,-18.076569
14572,7.0217,2.832078
14573,3.5049403,-9.206591
14590,9.829535,16.559294
14593,-3.8622038,6.9711227
14606,2.833708,14.2233095
14607,-6.391836,-0.30635825
14608,15.20588,-0.4569058
14621,-15.110374,-11.481144
14625,19.406868,0.19484916
14626,0.8478054,-0.6702375
14639,26.66251,5.9845424
14640,24.107645,1.0167183
14646,-15.32171,-6.010807
14648,2.2706633,8.724034
14649,10.881018,7.852126
14653,12.380716,8.874252
14655,-2.9762661,-1.0572733
14659,-3.0098534,3.0080745
14667,9.030108,6.137731
14669,8.635824,2.3887637
14673,29.060665,19.297533
14676,-23.106178,9.022001
14680,-7.449688,6.9180555
14685,8.101783,16.96802
14688,-7.948699,7.0181265
14696,0.25409532,13.508649
14700,-17.705097,-8.867306
14701,7.328856,3.6789837
14702,15.719451,-5.3342505
14709,-6.391647,-2.5469112
14711,9.553559,-1.4003545
14713,-8.853019,0.6083769
14732,17.924082,-4.185571
14733,28.694658,8.672134
14735,-2.5390997,-12.20286
14737,14.200553,-10.121514
14739,16.400768,-12.545555
14740,5.5561585,-9.059544
14744,5.9403253,-6.768611
14745,-7.313234,3.0081818
14748,-9.419971,4.8664074
14755,21.272228,7.4089303
14756,-12.656486,-10.434731
14758,29.581434,5.4528975
14766,7.585194,-4.883907
14769,10.241665,-0.39059457
14770,20.117886,3.760246
14776,-25.000576,3.6064482
14790,-21.949602,-12.554384
14796,9.603861,21.716825
14800,-24.259281,1.9621053
14810,-16.915518,-11.624085
14817,-7.611346,4.5811605
14824,-4.744867,3.6944041
14825,-1.666601,3.0222833
14828,2.1004732,-8.912938
14837,10.070283,-9.608403
14841,20.768444,7.1892834
14842,8.002265,-18.54282
14844,12.430361,0.80539495
14849,4.2497745,-13.970139
14852,2.7752392,5.2615743
14854,10.339495,-8.955194
14855,-7.457784,-5.5432515
14857,5.050505,-13.269218
14866,8.403976,-15.967987
14867,29.302284,12.430884
14868,-19.041058,1.6095582
14869,27.656841,13.298083
14875,7.8082895,-16.090645
14878,9.640854,20.362314
14882,31.239246,10.102391
14895,19.782373,-1.6120355
14897,25.750423,10.351259
14898,-0.6255183,4.2641215
14903,21.103592,10.471335
14907,2.245386,-11.438288
14911,0.70620644,13.296753
14913,-21.622526,5.8429894
14916,-11.635571,-8.151055
14918,23.46818,14.389958
14930,-4.094838,-3.9489346
14934,5.136618,-0.008634464
14935,-23.0047,1.9469347
14936,-0.1972145,-3.380801
14944,17.26422,2.685652
14952,19.222427,-0.48887777
14961,2.639985,-3.2283535
14963,-12.747342,2.5172439
14970,19.90749,12.644213
14978,22.267883,13.295111
15002,5.2475557,9.231741
15005,-5.039521,7.508212
15021,0.61683255,7.8857102
15023,6.576757,8.277309
15024,13.389937,-10.010575
15027,2.9938877,-8.130603
15031,10.636532,2.0787518
15032,-19.398468,-16.689034
15033,-1.4685706,5.3810782
15034,1.5364746,-17.081469
15039,4.5996804,7.5745697
15043,-6.9923925,-4.0178347
15044,15.322199,2.0443451
15046,29.036253,13.465101
15050,22.988857,9.02667
15051,1.767869,-20.55552
15057,0.7355485,-12.518139
15058,-10.814553,5.6471705
15059,18.046593,9.283359
15061,-12.048719,-18.434855
15062,-18.60257,5.9652286
15065,-9.023163,-15.442879
15067,-2.027999,-14.540455
15073,34.336746,13.866501
15077,13.139875,24.185091
15078,-6.0170517,-2.3064036
15079,10.945751,14.435605
15089,10.826719,-14.737951
15093,18.873013,-13.321265
15095,19.2571,-9.391809
15098,10.721054,-20.174767
15105,4.798109,-15.016823
15111,16.35053,0.8682004
15113,-5.212091,-9.605674
15114,-15.595928,0.23682885
15117,-17.75684,-12.670565
15122,17.977552,-2.968364
15123,-9.962848,-15.676837
15125,-1.4880443,-5.0834837
15129,0.43593878,-15.724076
15140,9.754295,-12.385718
15142,8.371897,-8.794463
15144,-9.496431,-11.819664
15150,14.406089,-12.044053
15152,8.334645,-5.8367996
15157,0.9102194,20.566803
15159,-3.0447116,-6.26663
15179,-5.3783154,-12.206816
15182,11.01374,15.182156
15187,-21.65684,-5.4814467
15189,23.1533,-6.3889036
15194,28.824932,-8.4714575
15195,22.621895,20.530876
15199,27.277353,14.720778
15203,-20.698326,-12.991526
15218,18.120712,13.298668
15222,-6.736172,2.3637223
15227,22.73139,1.107432
15228,7.578373,-17.440899
15235,4.833516,11.740327
15240,11.222243,-3.2568643
15241,-18.869282,3.7841768
15245,-11.75609,-2.763277
15249,11.074196,-3.2230709
15251,10.281194,-17.24351
15255,14.237407,-9.413987
15260,7.9061127,-4.056066
15265,20.465912,-0.8306728
15270,10.068075,9.968475
15271,10.20785,-9.308198
15281,-1.2429298,-16.463846
15288,-10.307244,-16.409157
15290,6.1715336,-16.787148
15291,24.215305,12.519341
15296,3.220746,-3.3312974
15298,-18.688925,-6.7275743
15299,29.331377,-3.6966774
15301,8.660248,-5.717703
15306,26.28199,0.9168813
15311,3.511276,13.674972
15312,5.98026,-4.3899226
15321,2.710469,-9.097092
15329,14.235699,-2.3350399
15332,-22.965733,5.022596
15341,-16.643621,-14.632512
15351,-12.468359,2.102493
15353,8.714042,3.5285165
15356,-1.8364067,6.136975
15358,-21.725044,1.2278951
15365,-5.081694,-14.852451
15367,-11.853197,-5.870381
15369,3.0528831,3.6923296
15370,7.260667,19.960804
15372,-10.8918,-10.734637
15373,14.391747,-3.819434
15379,-4.698363,2.241504
15380,-10.978452,-22.217503
15382,-22.236986,-5.2609825
15389,-14.807505,19.294209
15392,-17.5363,2.491603
15394,-2.713745,-2.4341867
15410,20.385246,-1.8290361
15413,-16.133308,10.159043
15416,8.705888,-3.407881
15421,-8.282378,7.090439
15426,18.525831,11.2782545
15434,15.622541,0.93302053
15443,17.317806,8.434605
15465,23.388264,13.134398
15480,18.125195,-11.221295
15482,5.993288,7.8023734
15484,-23.02541,-4.493355
15485,-8.034963,-22.447243
15491,21.928988,5.024209
15493,17.157642,19.641119
15494,-7.351754,18.165545
15497,12.732891,10.462728
15498,7.7324824,2.833459
15502,24.604435,-4.4630356
15505,-1.7470113,11.99619
15513,13.701193,-4.6940904
15514,-18.932243,-0.5947989
15518,-6.790463,-13.341729
15521,-25.933584,-3.9978654
15523,1.3713523,2.121495
15527,-7.728658,-12.3631525
15529,-20.213612,-4.5883703
15532,12.637489,10.40682
15538,15.987453,-1.9539824
15544,-28.221628,-0.552642
15547,14.630289,16.52424
15555,-0.4488951,12.195936
15563,-15.100811,4.914394
15569,-12.633537,5.16851
15570,15.295529,4.111396
15571,-14.553999,8.876543
15572,1.3377385,-19.344467
15581,0.90949637,11.32594
15596,-32.587257,-13.5550375
15601,24.639828,-1.1469439
15602,32.04172,10.101023
15606,4.3632803,-2.8372962
15611,8.439757,-19.227118
15614,11.404251,12.86097
15615,-0.27557796,-0.99932235
15622,5.66473,-1.5611778
15623,26.688745,12.134759
15625,-0.33147734,-15.13968
15628,6.3084483,-5.7133193
15632,-12.898002,-13.129509
15633,-5.3194046,-4.607629
15640,-7.259095,-9.355606
15641,1.0193917,6.0363655
15660,-12.397654,-7.832084
15665,2.147472,8.54702
15671,12.168717,-7.568452
15673,-13.208187,-6.56805
15674,4.133084,-4.378607
15676,12.795559,-13.275935
15680,11.607017,4.8179917
15681,3.7897458,-17.35058
15687,18.084028,-1.0931183
15694,21.105042,-8.558509
15696,28.271236,7.21505
15704,24.024042,9.960358
15708,28.934622,7.140983
15712,7.3707986,8.081489
15716,27.625635,15.428073
15719,-2.1622322,3.7028584
15722,23.89404,18.122156
15727,1.2672229,4.504009
15738,-24.593834,9.927399
15747,-6.6210904,0.843714
15749,18.88246,20.79496
15750,-4.822938,10.589782
15752,-0.87437344,6.496183
15754,9.269099,3.6590102
15755,10.944982,-10.408138
15757,-0.73937464,-17.183601
15764,-8.424899,-13.795031
15768,9.14258,15.061763
15769,-19.114183,-18.009422
15782,16.365408,-6.7959723
15785,1.5364234,2.1431057
15786,7.8294935,-8.925188
15791,-0.23918888,0.6497701
15796,15.658252,11.007496
15797,-17.61641,-17.623066
15804,-3.2994123,-18.939928
15805,-8.319293,-9.027747
15808,18.651543,7.4892592
15810,-23.076523,-13.720531
15811,5.627756,-10.855988
15812,19.556456,3.805877
15814,9.306708,-10.522652
15817,26.913069,8.941167
15819,-23.084639,-3.5441055
15823,4.1823125,14.699969
15826,5.7056937,-3.5443175
15827,12.862389,-18.263176
15834,-1.3394682,-18.31258
15838,-25.2279,-14.014594
15841,35.09217,14.318534
15845,17.516554,-3.1430051
15854,-2.2530577,14.859552
15856,10.95474,21.106253
15858,-6.9162784,-15.971632
15860,-11.837261,5.254813
15861,-5.739089,7.3407354
15862,-13.598633,9.161735
15867,0.31650087,14.693449
15874,19.435648,4.8762016
15898,-5.1982527,9.745966
15903,27.052774,-4.970486
15906,10.428581,-15.806612
15910,5.645017,1.8713481
15916,12.607347,11.92728
15939,3.063853,3.6982217
15950,-9.727758,0.01908144
15955,1.5187392,-1.1581562
15965,-10.426703,1.8963706
15967,10.573903,6.240231
15971,-18.39134,-18.613632
15974,29.901642,14.5517235
15978,-6.723547,-8.554858
15980,31.082531,14.345811
15981,-12.551302,-9.1772995
15983,-14.011271,10.516017
15984,10.174093,6.0661902
15985,16.128288,9.399417
15993,12.09252,-1.9439456
15998,-0.52127266,10.060325
16000,17.195677,-8.019892
16003,35.62222,10.844104
16005,-2.0939107,4.9013205
16007,-2.582224,5.7923694
16008,-9.6022415,1.2352582
16011,32.24352,12.860169
16012,5.784142,-14.400233
16013,34.975338,14.150271
16016,-3.3904333,2.987342
16019,8.980098,4.9299617
16029,-8.653846,-2.6859915
16033,17.399298,8.428811
16036,-6.7093883,10.370931
16040,4.5349903,-7.1031895
16041,17.525856,-1.5579842
16045,19.492933,-1.5250553
16053,-10.093513,-8.759209
16057,1.7786508,-3.145394
16059,24.468779,7.2682557
16062,16.51708,-10.877263
16067,-5.7618675,-0.7725504
16072,15.359315,7.7503686
16081,28.397453,11.813569
16086,-11.666559,-0.88789296
16094,7.7390823,-7.1204586
16098,-4.05638,-10.472329
16101,-15.759846,-11.059966
16103,33.526318,12.762221
16104,12.57728,5.433522
16107,24.797628,-8.263615
16115,3.2930136,-5.4257193
16118,-21.439928,-14.11753
16120,-12.7901535,8.117509
16125,7.041588,10.76683
16126,5.84695,-11.655814
16128,7.2366815,-16.864006
16131,18.996658,5.8695526
16133,7.0374603,-14.950473
16143,11.66471,15.348665
16145,6.9564714,-1.9754676
16150,27.201757,8.244946
16153,-9.964896,-5.4572973
16156,-10.157594,-12.665439
16161,-12.729243,3.0137208
16168,-0.8112129,-0.36975196
16170,-23.774284,3.7597013
16180,-19.988346,-11.042899
16182,-19.117199,-18.066193
16186,-15.9262905,-3.1732826
16187,-2.6376245,-4.8077383
16190,23.263283,5.739272
16191,19.355076,-6.657091
16200,10.103246,9.405923
16202,18.06294,4.9361315
16206,16.27075,22.73688
16208,30.149624,12.962937
16209,31.255117,16.93117
16210,23.637037,-13.124332
16218,-6.4503236,4.4518948
16225,16.541885,12.567057
16229,-12.680039,0.6814777
16232,16.496614,22.875034
16240,7.139498,-18.71494
16241,0.42494956,6.902853
16242,-1.409133,4.195898
16244,13.61598,12.799426
16253,-20.130016,3.3062828
16255,9.772084,-0.0025858718
16258,-4.5358944,-8.435142
16265,-4.5158873,-21.136234
16271,-4.726647,4.95627
16276,8.477836,22.22369
16279,-8.8747635,-7.639085
16281,-19.938967,6.0287433
16283,0.6118362,9.646859
16293,17.31447,-6.3348527
16303,-10.780697,-0.1306975
16308,-5.408703,22.80298
16316,-8.750209,-16.986576
16320,3.406284,-2.7794724
16325,12.556916,-10.221584
16326,5.711479,3.5541043
16327,2.7740233,9.772188
16333,2.8458,-15.74265
16335,5.817605,16.825031
16336,3.2128336,1.7889414
16341,-12.824949,-4.7573757
16347,8.299587,5.769146
16351,-5.8135943,2.782796
16353,16.648928,9.925402
16358,-16.852493,-2.0473807
16359,8.897534,-3.4827287
16360,-15.141025,-0.024594786
16365,-8.094493,12.337003
16369,5.651224,-16.670265
16383,-1.2642456,10.154114
